exercise_id,exercise_start,exercise_end,utc_offset,exercise_created,exercise_last_updated,activity_name,log_type,pool_length,pool_length_unit,intervals,distance_units,tracker_total_calories,tracker_total_steps,tracker_total_distance_mm,tracker_total_altitude_mm,tracker_avg_heart_rate,tracker_peak_heart_rate,tracker_avg_pace_mm_per_second,tracker_avg_speed_mm_per_second,tracker_peak_speed_mm_per_second,tracker_auto_stride_run_mm,tracker_auto_stride_walk_mm,tracker_swim_lengths,tracker_pool_length,tracker_pool_length_unit,tracker_cardio_load,manually_logged_total_calories,manually_logged_total_steps,manually_logged_total_distance_mm,manually_logged_pool_length,manually_logged_pool_length_unit,events
1021106119538553616,2025-07-31 00:09:10+0000,2025-07-31 00:39:40+0000,+07:00,2025-07-31 00:09:16+0000,2025-07-31 00:39:54+0000,Workout,TRACKER,0,UNSPECIFIED,,METRIC,301,0,410367,0,135,154,0,0,0,0,0,0,0,UNSPECIFIED,43.61,,,,,,"[ExerciseEventId: 2242593319202359032, Timestamp: 2025-07-31 00:39:40+0000, Type: SPLIT, AutoCueType: UNSPECIFIED, ElapsedTimeMillis: 1830275, TraveledDistanceMm: 410367, CaloriesBurned: 300, Steps: 0, AverageHeartRate: 135, ElevationGainMm: 0, SwimLengths: 0, AverageSpeedMmPerSec: 0, IntervalType: UNSPECIFIED]"
11486781872416720,2025-07-17 08:59:07+0000,2025-07-17 09:20:06+0000,+07:00,2025-07-17 09:20:09+0000,2025-07-17 09:20:09+0000,Structured Workout,TRACKER,0,UNSPECIFIED,,UNSPECIFIED,208,3580,2654939,0,121,0,0,2113,2685,0,0,0,0,UNSPECIFIED,18.78,,,,,,
1159151322503810504,2025-04-25 15:56:18+0000,2025-04-25 16:29:35+0000,-05:00,2025-04-25 16:46:44+0000,2025-04-25 16:46:44+0000,Outdoor Walk,AUTO_DETECTED,0,UNSPECIFIED,,,,,,,,,,,,,,,,,,,,,,,
1235260516256002864,2025-05-30 22:55:39+0000,2025-05-31 00:29:31+0000,+07:00,2025-05-31 00:29:34+0000,2025-05-31 00:29:34+0000,Structured Workout,TRACKER,0,UNSPECIFIED,,UNSPECIFIED,1060,15450,12111621,4979,143,0,0,2151,3054,0,0,0,0,UNSPECIFIED,160.73,,,,,,
1273963671173526856,2025-06-14 23:19:50+0000,2025-06-15 00:24:35+0000,+07:00,2025-06-15 00:24:37+0000,2025-06-15 00:24:37+0000,Structured Workout,TRACKER,0,UNSPECIFIED,,UNSPECIFIED,676,9572,8100381,121763,143,0,0,2086,3219,0,0,0,0,UNSPECIFIED,107.4,,,,,,
134794391383526208,2024-10-22 16:46:50+0000,2024-10-22 17:39:43+0000,-05:00,2024-10-22 17:02:24+0000,2024-10-22 17:39:55+0000,Workout,TRACKER,0,UNSPECIFIED,,IMPERIAL,493,0,324730,0,136,162,0,0,0,0,0,0,0,UNSPECIFIED,75.79,,,,,,"[ExerciseEventId: 4127731421630536976, Timestamp: 2024-10-22 17:39:43+0000, Type: SPLIT, AutoCueType: UNSPECIFIED, ElapsedTimeMillis: 3173134, TraveledDistanceMm: 324730, CaloriesBurned: 493, Steps: 0, AverageHeartRate: 136, ElevationGainMm: 0, SwimLengths: 0, AverageSpeedMmPerSec: 0, IntervalType: UNSPECIFIED]"
1465845086267748504,2025-03-04 18:12:29+0000,2025-03-04 19:22:27+0000,-06:00,2025-03-04 18:13:53+0000,2025-03-04 19:22:49+0000,Workout,TRACKER,0,UNSPECIFIED,,IMPERIAL,584,0,695986,0,127,159,0,0,0,0,0,0,0,UNSPECIFIED,79.23,,,,,,"[ExerciseEventId: 5065407102237413136, Timestamp: 2025-03-04 19:22:27+0000, Type: SPLIT, AutoCueType: UNSPECIFIED, ElapsedTimeMillis: 4198459, TraveledDistanceMm: 695986, CaloriesBurned: 584, Steps: 0, AverageHeartRate: 127, ElevationGainMm: 0, SwimLengths: 0, AverageSpeedMmPerSec: 0, IntervalType: UNSPECIFIED]"
1478628863765254872,2025-04-08 23:53:44+0000,2025-04-09 01:04:37+0000,-05:00,2025-04-09 00:21:17+0000,2025-04-09 01:04:40+0000,Workout,TRACKER,0,UNSPECIFIED,,IMPERIAL,529,0,630551,0,124,156,0,0,0,0,0,0,0,UNSPECIFIED,70.5,,,,,,"[ExerciseEventId: 2753556235282365696, Timestamp: 2025-04-09 01:04:37+0000, Type: SPLIT, AutoCueType: UNSPECIFIED, ElapsedTimeMillis: 4253618, TraveledDistanceMm: 630551, CaloriesBurned: 529, Steps: 0, AverageHeartRate: 124, ElevationGainMm: 0, SwimLengths: 0, AverageSpeedMmPerSec: 0, IntervalType: UNSPECIFIED]"
1482065463187053192,2025-07-25 00:07:05+0000,2025-07-25 00:48:24+0000,+07:00,2025-07-25 00:48:28+0000,2025-07-25 00:48:28+0000,Structured Workout,TRACKER,0,UNSPECIFIED,,UNSPECIFIED,281,4365,3148790,0,110,0,0,1570,2533,0,0,0,0,UNSPECIFIED,23.73,,,,,,
1539163346025262952,2024-10-31 11:39:20+0000,2024-10-31 11:59:10+0000,-05:00,2024-10-31 11:59:12+0000,2024-10-31 11:59:12+0000,Structured Workout,TRACKER,0,UNSPECIFIED,,UNSPECIFIED,248,3403,3278832,4746,152,0,0,2757,3746,0,0,0,0,UNSPECIFIED,46.26,,,,,,
1562180042881867568,2025-07-02 08:20:22+0000,2025-07-02 10:08:45+0000,+07:00,2025-07-02 08:31:06+0000,2025-07-02 10:09:00+0000,Workout,TRACKER,0,UNSPECIFIED,,IMPERIAL,608,0,1727587,0,111,147,0,0,0,0,0,0,0,YARD,58.59,,,,,,"[ExerciseEventId: 5401476137209003744, Timestamp: 2025-07-02 10:08:45+0000, Type: SPLIT, AutoCueType: UNSPECIFIED, ElapsedTimeMillis: 2165601, TraveledDistanceMm: 117718, CaloriesBurned: 86, Steps: 0, AverageHeartRate: 94, ElevationGainMm: 0, SwimLengths: 0, AverageSpeedMmPerSec: 0, IntervalType: UNSPECIFIED],[ExerciseEventId: 8861974026379121824, Timestamp: 2025-07-02 09:32:40+0000, Type: SPLIT, AutoCueType: UNSPECIFIED, ElapsedTimeMillis: 4338249, TraveledDistanceMm: 1609869, CaloriesBurned: 516, Steps: 0, AverageHeartRate: 119, ElevationGainMm: 0, SwimLengths: 0, AverageSpeedMmPerSec: 0, IntervalType: UNSPECIFIED]"
1588319545482631552,2025-03-01 01:10:05+0000,2025-03-01 02:03:46+0000,-06:00,2025-03-01 01:22:35+0000,2025-03-01 02:03:59+0000,Workout,TRACKER,0,UNSPECIFIED,,IMPERIAL,446,0,298250,0,127,155,0,0,0,0,0,0,0,UNSPECIFIED,57.76,,,,,,"[ExerciseEventId: 4048482704276967752, Timestamp: 2025-03-01 02:03:46+0000, Type: SPLIT, AutoCueType: UNSPECIFIED, ElapsedTimeMillis: 3221536, TraveledDistanceMm: 298250, CaloriesBurned: 445, Steps: 0, AverageHeartRate: 127, ElevationGainMm: 0, SwimLengths: 0, AverageSpeedMmPerSec: 0, IntervalType: UNSPECIFIED]"
1608515819048165728,2025-07-08 08:47:17+0000,2025-07-08 09:39:53+0000,+07:00,2025-07-08 09:19:22+0000,2025-07-08 09:40:07+0000,Workout,TRACKER,0,UNSPECIFIED,,IMPERIAL,311,0,1073645,0,109,142,0,0,0,0,0,0,0,YARD,25.62,,,,,,"[ExerciseEventId: 6413533574697321168, Timestamp: 2025-07-08 09:39:53+0000, Type: SPLIT, AutoCueType: UNSPECIFIED, ElapsedTimeMillis: 3156457, TraveledDistanceMm: 1073645, CaloriesBurned: 310, Steps: 0, AverageHeartRate: 109, ElevationGainMm: 0, SwimLengths: 0, AverageSpeedMmPerSec: 0, IntervalType: UNSPECIFIED]"
1617214858889755336,2025-04-10 13:58:19+0000,2025-04-10 14:45:33+0000,-07:00,2025-04-10 14:45:51+0000,2025-04-10 14:45:51+0000,Outdoor Walk,TRACKER,0,UNSPECIFIED,,IMPERIAL,295,4036,3017535,21945,101,126,0,0,0,0,0,0,0,UNSPECIFIED,10.21,,,,,,"[ExerciseEventId: 3090503998515166560, Timestamp: 2025-04-10 14:19:40+0000, Type: SPLIT, AutoCueType: UNSPECIFIED, ElapsedTimeMillis: 1281238, TraveledDistanceMm: 1610490, CaloriesBurned: 137, Steps: 2099, AverageHeartRate: 101, ElevationGainMm: 3657, SwimLengths: 0, AverageSpeedMmPerSec: 0, IntervalType: UNSPECIFIED],[ExerciseEventId: 7857470806721442520, Timestamp: 2025-04-10 14:45:33+0000, Type: SPLIT, AutoCueType: UNSPECIFIED, ElapsedTimeMillis: 1552059, TraveledDistanceMm: 1407044, CaloriesBurned: 149, Steps: 1934, AverageHeartRate: 101, ElevationGainMm: 3048, SwimLengths: 0, AverageSpeedMmPerSec: 0, IntervalType: UNSPECIFIED]"
1749871915088094168,2025-07-23 08:48:03+0000,2025-07-23 09:51:12+0000,+07:00,2025-07-23 09:06:05+0000,2025-07-23 09:51:27+0000,Workout,TRACKER,0,UNSPECIFIED,,METRIC,479,0,864398,0,119,148,0,0,0,0,0,0,0,YARD,54.67,,,,,,"[ExerciseEventId: 26861573714281096, Timestamp: 2025-07-23 09:51:12+0000, Type: SPLIT, AutoCueType: UNSPECIFIED, ElapsedTimeMillis: 3789143, TraveledDistanceMm: 864398, CaloriesBurned: 478, Steps: 0, AverageHeartRate: 119, ElevationGainMm: 0, SwimLengths: 0, AverageSpeedMmPerSec: 0, IntervalType: UNSPECIFIED]"
1753754715746949800,2025-06-28 23:50:23+0000,2025-06-29 00:48:00+0000,+07:00,2025-06-29 00:05:25+0000,2025-06-29 00:48:14+0000,Workout,TRACKER,0,UNSPECIFIED,,IMPERIAL,298,0,1076718,0,110,139,0,0,0,0,0,0,0,YARD,20.88,,,,,,"[ExerciseEventId: 499218071614984832, Timestamp: 2025-06-29 00:48:00+0000, Type: SPLIT, AutoCueType: UNSPECIFIED, ElapsedTimeMillis: 3456892, TraveledDistanceMm: 1076718, CaloriesBurned: 298, Steps: 0, AverageHeartRate: 110, ElevationGainMm: 0, SwimLengths: 0, AverageSpeedMmPerSec: 0, IntervalType: UNSPECIFIED]"
1823043397589529160,2025-08-08 00:40:17+0000,2025-08-08 00:58:02+0000,+07:00,2025-08-08 00:58:06+0000,2025-08-08 00:58:06+0000,Structured Workout,TRACKER,0,UNSPECIFIED,,UNSPECIFIED,119,1555,1193382,0,132,0,0,1821,3220,0,0,0,0,UNSPECIFIED,14.94,,,,,,
1921305986565953064,2024-12-27 13:07:04+0000,2024-12-27 13:30:07+0000,-06:00,2024-12-27 13:52:12+0000,2024-12-27 13:52:12+0000,Aerobic Workout,AUTO_DETECTED,0,UNSPECIFIED,,,,,,,,,,,,,,,,,,,,,,,
202061966511096200,2025-08-04 23:51:14+0000,2025-08-05 00:00:27+0000,+07:00,2025-08-05 00:00:31+0000,2025-08-05 00:00:31+0000,Structured Workout,TRACKER,0,UNSPECIFIED,,UNSPECIFIED,99,1493,1163854,1233,138,0,0,2191,3538,0,0,0,0,UNSPECIFIED,13.66,,,,,,
2060662504160427624,2025-05-13 23:23:04+0000,2025-05-14 00:23:19+0000,+07:00,2025-05-13 23:38:40+0000,2025-05-14 00:27:58+0000,Workout,TRACKER,0,UNSPECIFIED,,IMPERIAL,425,0,518221,0,122,151,0,0,0,0,0,0,0,YARD,49.51,,,,,,"[ExerciseEventId: 8592940736884235520, Timestamp: 2025-05-14 00:23:19+0000, Type: SPLIT, AutoCueType: UNSPECIFIED, ElapsedTimeMillis: 3615266, TraveledDistanceMm: 518221, CaloriesBurned: 424, Steps: 0, AverageHeartRate: 122, ElevationGainMm: 0, SwimLengths: 0, AverageSpeedMmPerSec: 0, IntervalType: UNSPECIFIED]"
2115451303005241168,2025-07-07 23:05:59+0000,2025-07-07 23:40:41+0000,+07:00,2025-07-07 23:40:47+0000,2025-07-07 23:40:47+0000,Structured Workout,TRACKER,0,UNSPECIFIED,,UNSPECIFIED,378,5906,4517620,4048,138,0,0,2171,2838,0,0,0,0,UNSPECIFIED,53.18,,,,,,
2128645887217932408,2025-04-29 16:47:07+0000,2025-04-29 17:54:53+0000,-05:00,2025-04-29 16:49:48+0000,2025-04-29 18:12:27+0000,Workout,TRACKER,0,UNSPECIFIED,,IMPERIAL,575,0,496749,0,131,160,0,0,0,0,0,0,0,YARD,84.79,,,,,,"[ExerciseEventId: 1121575114012390664, Timestamp: 2025-04-29 17:54:53+0000, Type: SPLIT, AutoCueType: UNSPECIFIED, ElapsedTimeMillis: 4066324, TraveledDistanceMm: 496748, CaloriesBurned: 575, Steps: 0, AverageHeartRate: 131, ElevationGainMm: 0, SwimLengths: 0, AverageSpeedMmPerSec: 0, IntervalType: UNSPECIFIED]"
2165432720342328776,2025-07-19 20:32:30+0000,2025-07-19 23:25:04+0000,+07:00,2025-07-19 23:50:12+0000,2025-07-19 23:50:12+0000,Structured Workout,TRACKER,0,UNSPECIFIED,,UNSPECIFIED,1817,24367,18192968,32012,149,0,0,2067,3298,0,0,0,0,UNSPECIFIED,314.77,,,,,,
2177556166881399784,2025-02-11 12:22:34+0000,2025-02-11 12:54:15+0000,-06:00,2025-02-11 12:26:13+0000,2025-02-11 12:54:27+0000,Workout,TRACKER,0,UNSPECIFIED,,IMPERIAL,277,0,71791,0,127,156,0,0,0,0,0,0,0,UNSPECIFIED,34.46,,,,,,"[ExerciseEventId: 4425309077645487384, Timestamp: 2025-02-11 12:54:15+0000, Type: SPLIT, AutoCueType: UNSPECIFIED, ElapsedTimeMillis: 1901164, TraveledDistanceMm: 71791, CaloriesBurned: 277, Steps: 0, AverageHeartRate: 127, ElevationGainMm: 0, SwimLengths: 0, AverageSpeedMmPerSec: 0, IntervalType: UNSPECIFIED]"
222312805909400424,2025-07-16 08:55:07+0000,2025-07-16 09:21:04+0000,+07:00,2025-07-16 09:09:33+0000,2025-07-16 10:04:12+0000,Workout,TRACKER,0,UNSPECIFIED,,IMPERIAL,176,0,861004,0,108,124,0,0,0,0,0,0,0,YARD,12.75,,,,,,"[ExerciseEventId: 6076246922161303528, Timestamp: 2025-07-16 09:21:04+0000, Type: SPLIT, AutoCueType: UNSPECIFIED, ElapsedTimeMillis: 1557416, TraveledDistanceMm: 861004, CaloriesBurned: 176, Steps: 0, AverageHeartRate: 108, ElevationGainMm: 0, SwimLengths: 0, AverageSpeedMmPerSec: 0, IntervalType: UNSPECIFIED]"
2231590973841491208,2024-12-31 12:31:30+0000,2024-12-31 13:04:52+0000,-06:00,2024-12-31 12:46:37+0000,2024-12-31 13:05:05+0000,Martial Arts,TRACKER,0,UNSPECIFIED,,IMPERIAL,270,0,0,0,126,168,0,0,0,0,0,0,0,UNSPECIFIED,42.94,,,,,,
2232733205045235712,2024-11-26 20:12:01+0000,2024-11-26 21:33:59+0000,-06:00,2024-11-26 20:25:42+0000,2024-11-26 21:34:14+0000,Workout,TRACKER,0,UNSPECIFIED,,IMPERIAL,813,0,244247,0,138,162,0,0,0,0,0,0,0,UNSPECIFIED,120.28,,,,,,"[ExerciseEventId: 4842079165173682712, Timestamp: 2024-11-26 21:33:59+0000, Type: SPLIT, AutoCueType: UNSPECIFIED, ElapsedTimeMillis: 4917656, TraveledDistanceMm: 244247, CaloriesBurned: 812, Steps: 0, AverageHeartRate: 138, ElevationGainMm: 0, SwimLengths: 0, AverageSpeedMmPerSec: 0, IntervalType: UNSPECIFIED]"
229181226094957688,2025-07-30 00:46:29+0000,2025-07-30 01:19:40+0000,+07:00,2025-07-30 01:19:44+0000,2025-07-30 01:19:44+0000,Structured Workout,TRACKER,0,UNSPECIFIED,,UNSPECIFIED,218,1844,1400767,1403,116,0,1,711,2715,0,0,0,0,UNSPECIFIED,23.97,,,,,,
2402837128792478920,2024-11-08 21:47:26+0000,2024-11-08 22:34:27+0000,-06:00,2024-11-08 21:54:09+0000,2024-11-08 22:34:45+0000,Workout,TRACKER,0,UNSPECIFIED,,IMPERIAL,367,0,257048,0,121,158,0,0,0,0,0,0,0,UNSPECIFIED,43.89,,,,,,"[ExerciseEventId: 5301127298690278072, Timestamp: 2024-11-08 22:34:27+0000, Type: SPLIT, AutoCueType: UNSPECIFIED, ElapsedTimeMillis: 2820695, TraveledDistanceMm: 257048, CaloriesBurned: 366, Steps: 0, AverageHeartRate: 121, ElevationGainMm: 0, SwimLengths: 0, AverageSpeedMmPerSec: 0, IntervalType: UNSPECIFIED]"
2524672447491701152,2025-07-31 00:41:53+0000,2025-07-31 00:56:27+0000,+07:00,2025-07-31 00:56:30+0000,2025-07-31 00:56:30+0000,Structured Workout,TRACKER,0,UNSPECIFIED,,UNSPECIFIED,157,1688,1244359,0,135,0,0,1469,2644,0,0,0,0,UNSPECIFIED,22.04,,,,,,
253896409908955112,2025-08-06 00:35:25+0000,2025-08-06 00:45:59+0000,+07:00,2025-08-06 00:46:00+0000,2025-08-06 00:46:00+0000,Structured Workout,TRACKER,0,UNSPECIFIED,,UNSPECIFIED,112,1744,1371642,0,145,0,0,2166,2882,0,0,0,0,UNSPECIFIED,17.82,,,,,,
2608926144872647640,2024-11-04 20:25:21+0000,2024-11-04 21:17:08+0000,-06:00,2024-11-04 20:42:29+0000,2024-11-04 21:17:33+0000,Workout,TRACKER,0,UNSPECIFIED,,IMPERIAL,325,0,179162,0,114,140,0,0,0,0,0,0,0,UNSPECIFIED,34.44,,,,,,"[ExerciseEventId: 6757136949731288328, Timestamp: 2024-11-04 21:17:08+0000, Type: SPLIT, AutoCueType: UNSPECIFIED, ElapsedTimeMillis: 3106276, TraveledDistanceMm: 179162, CaloriesBurned: 324, Steps: 0, AverageHeartRate: 114, ElevationGainMm: 0, SwimLengths: 0, AverageSpeedMmPerSec: 0, IntervalType: UNSPECIFIED]"
2616178974901377160,2025-02-06 16:09:30+0000,2025-02-06 16:45:47+0000,-06:00,2025-02-06 16:25:23+0000,2025-02-06 16:46:02+0000,Workout,TRACKER,0,UNSPECIFIED,,IMPERIAL,224,0,103375,0,114,146,0,0,0,0,0,0,0,UNSPECIFIED,24.22,,,,,,"[ExerciseEventId: 6767272030454412608, Timestamp: 2025-02-06 16:45:47+0000, Type: SPLIT, AutoCueType: UNSPECIFIED, ElapsedTimeMillis: 2177132, TraveledDistanceMm: 103375, CaloriesBurned: 224, Steps: 0, AverageHeartRate: 114, ElevationGainMm: 0, SwimLengths: 0, AverageSpeedMmPerSec: 0, IntervalType: UNSPECIFIED]"
2631692982679228592,2025-02-27 23:49:27+0000,2025-02-28 00:17:37+0000,-06:00,2025-02-28 00:49:06+0000,2025-02-28 00:49:06+0000,Outdoor Walk,AUTO_DETECTED,0,UNSPECIFIED,,,,,,,,,,,,,,,,,,,,,,,
2727624134913138704,2025-08-06 23:59:30+0000,2025-08-07 00:35:09+0000,+07:00,2025-08-06 23:59:36+0000,2025-08-07 00:40:11+0000,Workout,TRACKER,0,UNSPECIFIED,,METRIC,295,0,573320,0,127,157,0,0,0,0,0,0,0,UNSPECIFIED,37.67,,,,,,"[ExerciseEventId: 1053595777599925120, Timestamp: 2025-08-07 00:35:09+0000, Type: SPLIT, AutoCueType: UNSPECIFIED, ElapsedTimeMillis: 2139405, TraveledDistanceMm: 573320, CaloriesBurned: 294, Steps: 0, AverageHeartRate: 127, ElevationGainMm: 0, SwimLengths: 0, AverageSpeedMmPerSec: 0, IntervalType: UNSPECIFIED]"
2779014104471508584,2025-04-29 00:51:26+0000,2025-04-29 01:58:19+0000,-05:00,2025-04-29 00:53:47+0000,2025-04-29 01:58:32+0000,Workout,TRACKER,0,UNSPECIFIED,,IMPERIAL,376,0,430952,0,115,146,0,0,0,0,0,0,0,YARD,38.94,,,,,,"[ExerciseEventId: 9177725303263831344, Timestamp: 2025-04-29 01:58:19+0000, Type: SPLIT, AutoCueType: UNSPECIFIED, ElapsedTimeMillis: 4013883, TraveledDistanceMm: 430951, CaloriesBurned: 375, Steps: 0, AverageHeartRate: 114, ElevationGainMm: 0, SwimLengths: 0, AverageSpeedMmPerSec: 0, IntervalType: UNSPECIFIED]"
2918036406325624776,2025-08-05 00:00:35+0000,2025-08-05 00:34:21+0000,+07:00,2025-08-05 00:00:51+0000,2025-08-05 00:34:41+0000,Workout,TRACKER,0,UNSPECIFIED,,METRIC,259,0,410551,0,123,156,0,0,0,0,0,0,0,UNSPECIFIED,32.21,,,,,,"[ExerciseEventId: 4993171597340575920, Timestamp: 2025-08-05 00:34:20+0000, Type: SPLIT, AutoCueType: UNSPECIFIED, ElapsedTimeMillis: 2025215, TraveledDistanceMm: 410551, CaloriesBurned: 259, Steps: 0, AverageHeartRate: 123, ElevationGainMm: 0, SwimLengths: 0, AverageSpeedMmPerSec: 0, IntervalType: UNSPECIFIED]"
3204889754509575064,2024-12-24 12:53:07+0000,2024-12-24 13:11:53+0000,-06:00,2024-12-24 13:25:41+0000,2024-12-24 13:25:41+0000,Aerobic Workout,AUTO_DETECTED,0,UNSPECIFIED,,,,,,,,,,,,,,,,,,,,,,,
3262430638018987016,2025-07-07 09:05:11+0000,2025-07-07 09:41:45+0000,+07:00,2025-07-07 09:37:09+0000,2025-07-07 16:05:00+0000,Workout,TRACKER,0,UNSPECIFIED,,IMPERIAL,184,0,554878,0,108,133,0,0,0,0,0,0,0,YARD,13.77,,,,,,"[ExerciseEventId: 478455517470115360, Timestamp: 2025-07-07 09:41:45+0000, Type: SPLIT, AutoCueType: UNSPECIFIED, ElapsedTimeMillis: 2194118, TraveledDistanceMm: 554877, CaloriesBurned: 183, Steps: 0, AverageHeartRate: 108, ElevationGainMm: 0, SwimLengths: 0, AverageSpeedMmPerSec: 0, IntervalType: UNSPECIFIED]"
3277929618519306928,2025-04-17 20:22:39+0000,2025-04-17 21:28:00+0000,-05:00,2025-04-17 20:48:36+0000,2025-04-17 21:28:12+0000,Workout,TRACKER,0,UNSPECIFIED,,IMPERIAL,486,0,896295,0,121,155,0,0,0,0,0,0,0,YARD,55.74,,,,,,"[ExerciseEventId: 4247112047142241952, Timestamp: 2025-04-17 21:28:00+0000, Type: SPLIT, AutoCueType: UNSPECIFIED, ElapsedTimeMillis: 3921011, TraveledDistanceMm: 896294, CaloriesBurned: 486, Steps: 0, AverageHeartRate: 121, ElevationGainMm: 0, SwimLengths: 0, AverageSpeedMmPerSec: 0, IntervalType: UNSPECIFIED]"
3494445269762761792,2025-02-12 12:25:14+0000,2025-02-12 13:17:30+0000,-06:00,2025-02-12 12:36:27+0000,2025-02-12 13:18:37+0000,Workout,TRACKER,0,UNSPECIFIED,,IMPERIAL,363,0,381748,0,115,148,0,0,0,0,0,0,0,UNSPECIFIED,39.59,,,,,,"[ExerciseEventId: 3381126799373762496, Timestamp: 2025-02-12 13:17:30+0000, Type: SPLIT, AutoCueType: UNSPECIFIED, ElapsedTimeMillis: 3136512, TraveledDistanceMm: 381748, CaloriesBurned: 362, Steps: 0, AverageHeartRate: 115, ElevationGainMm: 0, SwimLengths: 0, AverageSpeedMmPerSec: 0, IntervalType: UNSPECIFIED]"
3598804342131669632,2024-11-14 22:36:31+0000,2024-11-14 23:38:33+0000,-06:00,2024-11-14 22:52:01+0000,2024-11-14 23:39:03+0000,Workout,TRACKER,0,UNSPECIFIED,,IMPERIAL,486,0,326977,0,121,155,0,0,0,0,0,0,0,UNSPECIFIED,58.38,,,,,,"[ExerciseEventId: 8161860003091422736, Timestamp: 2024-11-14 23:38:33+0000, Type: SPLIT, AutoCueType: UNSPECIFIED, ElapsedTimeMillis: 3722430, TraveledDistanceMm: 326976, CaloriesBurned: 486, Steps: 0, AverageHeartRate: 121, ElevationGainMm: 0, SwimLengths: 0, AverageSpeedMmPerSec: 0, IntervalType: UNSPECIFIED]"
3603931915548972152,2025-07-29 23:51:31+0000,2025-07-30 00:36:31+0000,+07:00,2025-07-30 00:13:38+0000,2025-07-30 00:36:45+0000,Kickboxing,TRACKER,0,UNSPECIFIED,,METRIC,459,0,0,0,137,172,0,0,0,0,0,0,0,UNSPECIFIED,74.38,,,,,,
3610765847246206512,2025-02-17 22:16:34+0000,2025-02-18 00:28:27+0000,-06:00,2025-02-17 22:28:17+0000,2025-02-18 00:28:38+0000,Workout,TRACKER,0,UNSPECIFIED,,IMPERIAL,714,0,987765,0,109,156,0,0,0,0,0,0,0,UNSPECIFIED,71.75,,,,,,"[ExerciseEventId: 443500975885631048, Timestamp: 2025-02-18 00:28:27+0000, Type: SPLIT, AutoCueType: UNSPECIFIED, ElapsedTimeMillis: 7912680, TraveledDistanceMm: 987765, CaloriesBurned: 713, Steps: 0, AverageHeartRate: 109, ElevationGainMm: 0, SwimLengths: 0, AverageSpeedMmPerSec: 0, IntervalType: UNSPECIFIED]"
3832682945877767472,2025-07-28 23:39:05+0000,2025-07-28 23:52:50+0000,+07:00,2025-07-28 23:52:57+0000,2025-07-28 23:52:57+0000,Structured Workout,TRACKER,0,UNSPECIFIED,,UNSPECIFIED,136,1767,1382876,0,130,0,0,2335,2880,0,0,0,0,UNSPECIFIED,17.4,,,,,,
3843110649056472824,2025-02-11 00:27:24+0000,2025-02-11 00:49:05+0000,-06:00,2025-02-11 00:44:43+0000,2025-02-11 00:49:17+0000,Martial Arts,TRACKER,0,UNSPECIFIED,,IMPERIAL,209,0,0,0,132,164,0,0,0,0,0,0,0,UNSPECIFIED,31.62,,,,,,
3863501795377651424,2025-08-05 00:38:01+0000,2025-08-05 00:50:16+0000,+07:00,2025-08-05 00:50:22+0000,2025-08-05 00:50:22+0000,Structured Workout,TRACKER,0,UNSPECIFIED,,UNSPECIFIED,125,1634,1266183,3980,137,0,0,1780,2999,0,0,0,0,UNSPECIFIED,17.96,,,,,,
3881223556019658704,2025-03-26 17:51:06+0000,2025-03-26 18:49:09+0000,-05:00,2025-03-26 18:44:13+0000,2025-03-26 18:49:22+0000,Workout,TRACKER,0,UNSPECIFIED,,IMPERIAL,489,0,125353,0,133,159,0,0,0,0,0,0,0,UNSPECIFIED,71.31,,,,,,"[ExerciseEventId: 2678455587816629984, Timestamp: 2025-03-26 18:49:09+0000, Type: SPLIT, AutoCueType: UNSPECIFIED, ElapsedTimeMillis: 3483162, TraveledDistanceMm: 125353, CaloriesBurned: 489, Steps: 0, AverageHeartRate: 133, ElevationGainMm: 0, SwimLengths: 0, AverageSpeedMmPerSec: 0, IntervalType: UNSPECIFIED]"
4007829616700058160,2024-10-23 20:18:45+0000,2024-10-25 20:51:35+0000,-05:00,2024-10-23 20:36:36+0000,2024-10-25 20:52:46+0000,Workout,TRACKER,0,UNSPECIFIED,,IMPERIAL,4749,0,6504453,0,70,162,0,0,0,0,0,0,0,UNSPECIFIED,0,,,,,,"[ExerciseEventId: 943219260856483112, Timestamp: 2024-10-25 18:26:39+0000, Type: SPLIT, AutoCueType: UNSPECIFIED, ElapsedTimeMillis: 30796585, TraveledDistanceMm: 1609635, CaloriesBurned: 802, Steps: 0, AverageHeartRate: 68, ElevationGainMm: 0, SwimLengths: 0, AverageSpeedMmPerSec: 0, IntervalType: UNSPECIFIED],[ExerciseEventId: 2381009273548673312, Timestamp: 2024-10-24 22:29:02+0000, Type: SPLIT, AutoCueType: UNSPECIFIED, ElapsedTimeMillis: 35521524, TraveledDistanceMm: 1611116, CaloriesBurned: 882, Steps: 0, AverageHeartRate: 69, ElevationGainMm: 0, SwimLengths: 0, AverageSpeedMmPerSec: 0, IntervalType: UNSPECIFIED],[ExerciseEventId: 2729357288047018120, Timestamp: 2024-10-25 20:51:35+0000, Type: SPLIT, AutoCueType: UNSPECIFIED, ElapsedTimeMillis: 8695732, TraveledDistanceMm: 66597, CaloriesBurned: 171, Steps: 0, AverageHeartRate: 64, ElevationGainMm: 0, SwimLengths: 0, AverageSpeedMmPerSec: 0, IntervalType: UNSPECIFIED],[ExerciseEventId: 5682806158669997224, Timestamp: 2024-10-25 09:53:23+0000, Type: SPLIT, AutoCueType: UNSPECIFIED, ElapsedTimeMillis: 41060462, TraveledDistanceMm: 1606653, CaloriesBurned: 1007, Steps: 0, AverageHeartRate: 66, ElevationGainMm: 0, SwimLengths: 0, AverageSpeedMmPerSec: 0, IntervalType: UNSPECIFIED],[ExerciseEventId: 8393159696967210696, Timestamp: 2024-10-24 12:37:01+0000, Type: SPLIT, AutoCueType: UNSPECIFIED, ElapsedTimeMillis: 58695896, TraveledDistanceMm: 1610450, CaloriesBurned: 1869, Steps: 0, AverageHeartRate: 75, ElevationGainMm: 0, SwimLengths: 0, AverageSpeedMmPerSec: 0, IntervalType: UNSPECIFIED]"
4096723898734071520,2025-07-09 08:50:05+0000,2025-07-09 09:20:15+0000,+07:00,2025-07-09 09:20:25+0000,2025-07-09 09:20:25+0000,Structured Workout,TRACKER,0,UNSPECIFIED,,UNSPECIFIED,305,5381,4244880,0,128,0,0,2349,2771,0,0,0,0,UNSPECIFIED,32.89,,,,,,
4100978679857372336,2025-06-21 08:20:05+0000,2025-06-21 08:32:36+0000,+07:00,2025-06-21 08:33:40+0000,2025-06-21 08:33:40+0000,Outdoor Walk,TRACKER,0,UNSPECIFIED,,IMPERIAL,70,1097,752289,914,97,107,0,0,0,0,0,0,0,YARD,0.47,,,,,,"[ExerciseEventId: 1353337543987846152, Timestamp: 2025-06-21 08:32:36+0000, Type: SPLIT, AutoCueType: UNSPECIFIED, ElapsedTimeMillis: 751213, TraveledDistanceMm: 752289, CaloriesBurned: 69, Steps: 1097, AverageHeartRate: 97, ElevationGainMm: 304, SwimLengths: 0, AverageSpeedMmPerSec: 0, IntervalType: UNSPECIFIED]"
4127956693319045032,2025-02-28 00:56:29+0000,2025-02-28 02:22:19+0000,-06:00,2025-02-28 01:15:53+0000,2025-02-28 02:23:23+0000,Workout,TRACKER,0,UNSPECIFIED,,IMPERIAL,693,0,382685,0,127,171,0,0,0,0,0,0,0,UNSPECIFIED,95.17,,,,,,"[ExerciseEventId: 6693626577503252568, Timestamp: 2025-02-28 02:22:19+0000, Type: SPLIT, AutoCueType: UNSPECIFIED, ElapsedTimeMillis: 5150170, TraveledDistanceMm: 382685, CaloriesBurned: 692, Steps: 0, AverageHeartRate: 127, ElevationGainMm: 0, SwimLengths: 0, AverageSpeedMmPerSec: 0, IntervalType: UNSPECIFIED]"
4238564197841215520,2024-11-27 20:35:19+0000,2024-11-27 22:14:40+0000,-06:00,2024-11-27 20:51:21+0000,2024-11-27 22:15:33+0000,Workout,TRACKER,0,UNSPECIFIED,,IMPERIAL,702,0,668173,0,117,150,0,0,0,0,0,0,0,UNSPECIFIED,74.77,,,,,,"[ExerciseEventId: 3140029017520560992, Timestamp: 2024-11-27 22:14:40+0000, Type: SPLIT, AutoCueType: UNSPECIFIED, ElapsedTimeMillis: 5960944, TraveledDistanceMm: 668173, CaloriesBurned: 702, Steps: 0, AverageHeartRate: 117, ElevationGainMm: 0, SwimLengths: 0, AverageSpeedMmPerSec: 0, IntervalType: UNSPECIFIED]"
4287596023662935064,2025-08-07 23:42:26+0000,2025-08-07 23:52:51+0000,+07:00,2025-08-07 23:52:54+0000,2025-08-07 23:52:54+0000,Structured Workout,TRACKER,0,UNSPECIFIED,,UNSPECIFIED,96,1454,1147209,1341,128,0,0,2059,2954,0,0,0,0,UNSPECIFIED,12.63,,,,,,
4297986853069411504,2025-07-10 08:20:06+0000,2025-07-10 10:24:52+0000,+07:00,2025-07-10 08:57:43+0000,2025-07-10 10:25:09+0000,Workout,TRACKER,0,UNSPECIFIED,,IMPERIAL,521,0,1435640,0,94,144,0,0,0,0,0,0,0,YARD,34.9,,,,,,"[ExerciseEventId: 8506138920856376328, Timestamp: 2025-07-10 10:24:52+0000, Type: SPLIT, AutoCueType: UNSPECIFIED, ElapsedTimeMillis: 7485864, TraveledDistanceMm: 1435640, CaloriesBurned: 520, Steps: 0, AverageHeartRate: 94, ElevationGainMm: 0, SwimLengths: 0, AverageSpeedMmPerSec: 0, IntervalType: UNSPECIFIED]"
4503090794107567352,2025-01-31 14:40:44+0000,2025-01-31 15:14:23+0000,-06:00,2025-01-31 14:57:15+0000,2025-01-31 15:14:26+0000,Martial Arts,TRACKER,0,UNSPECIFIED,,IMPERIAL,350,0,0,0,142,174,0,0,0,0,0,0,0,UNSPECIFIED,63.86,,,,,,
4519343355818131600,2025-01-25 15:55:18+0000,2025-01-25 16:34:37+0000,-06:00,2025-01-25 16:11:36+0000,2025-01-25 16:35:40+0000,Martial Arts,TRACKER,0,UNSPECIFIED,,IMPERIAL,415,0,0,0,144,177,0,0,0,0,0,0,0,UNSPECIFIED,78.97,,,,,,
4634895401956093848,2024-12-09 20:24:57+0000,2024-12-09 20:58:14+0000,-06:00,2024-12-09 21:29:26+0000,2024-12-09 21:29:26+0000,Sport,AUTO_DETECTED,0,UNSPECIFIED,,,,,,,,,,,,,,,,,,,,,,,
4760858428082789312,2025-06-11 01:14:40+0000,2025-06-11 02:02:03+0000,+07:00,2025-06-11 01:20:49+0000,2025-06-11 02:02:14+0000,Workout,TRACKER,0,UNSPECIFIED,,IMPERIAL,326,0,221956,0,120,157,0,0,0,0,0,0,0,YARD,37.85,,,,,,"[ExerciseEventId: 8850940133518352648, Timestamp: 2025-06-11 02:02:03+0000, Type: SPLIT, AutoCueType: UNSPECIFIED, ElapsedTimeMillis: 2842380, TraveledDistanceMm: 221956, CaloriesBurned: 325, Steps: 0, AverageHeartRate: 120, ElevationGainMm: 0, SwimLengths: 0, AverageSpeedMmPerSec: 0, IntervalType: UNSPECIFIED]"
4804483645781443008,2025-02-12 01:22:33+0000,2025-02-12 01:42:50+0000,-06:00,2025-02-12 01:37:28+0000,2025-02-12 01:43:29+0000,Martial Arts,TRACKER,0,UNSPECIFIED,,IMPERIAL,202,0,0,0,135,169,0,0,0,0,0,0,0,UNSPECIFIED,32.03,,,,,,
4875478058412617160,2025-07-30 23:48:33+0000,2025-07-31 00:09:03+0000,+07:00,2025-07-31 00:09:07+0000,2025-07-31 00:09:07+0000,Structured Workout,TRACKER,0,UNSPECIFIED,,UNSPECIFIED,212,1913,1508378,1148,131,0,0,1245,2948,0,0,0,0,UNSPECIFIED,27.91,,,,,,
4900225674513614000,2024-11-19 19:47:27+0000,2024-11-19 20:49:09+0000,-06:00,2024-11-19 20:02:48+0000,2024-11-19 20:49:52+0000,Workout,TRACKER,0,UNSPECIFIED,,IMPERIAL,607,0,152688,0,136,169,0,0,0,0,0,0,0,UNSPECIFIED,86.42,,,,,,"[ExerciseEventId: 2469985873294941928, Timestamp: 2024-11-19 20:49:09+0000, Type: SPLIT, AutoCueType: UNSPECIFIED, ElapsedTimeMillis: 3701842, TraveledDistanceMm: 152688, CaloriesBurned: 606, Steps: 0, AverageHeartRate: 136, ElevationGainMm: 0, SwimLengths: 0, AverageSpeedMmPerSec: 0, IntervalType: UNSPECIFIED]"
4957222583088154352,2025-07-12 23:32:40+0000,2025-07-13 00:30:54+0000,+07:00,2025-07-13 00:30:59+0000,2025-07-13 00:30:59+0000,Structured Workout,TRACKER,0,UNSPECIFIED,,UNSPECIFIED,584,8696,6730780,7701,129,0,0,2018,4668,0,0,0,0,UNSPECIFIED,71.1,,,,,,
5007285749040144480,2025-06-14 00:23:44+0000,2025-06-14 00:49:13+0000,+07:00,2025-06-14 00:49:15+0000,2025-06-14 00:49:15+0000,Structured Workout,TRACKER,0,UNSPECIFIED,,UNSPECIFIED,281,3958,3455317,7903,143,0,0,2261,3272,0,0,0,0,UNSPECIFIED,44.74,,,,,,
5066286344120291472,2025-05-25 23:32:00+0000,2025-05-26 00:37:58+0000,+07:00,2025-05-25 23:42:50+0000,2025-05-26 00:39:08+0000,Workout,TRACKER,0,UNSPECIFIED,,IMPERIAL,542,0,1027235,0,125,153,0,0,0,0,0,0,0,YARD,70.8,,,,,,"[ExerciseEventId: 3080992192095965040, Timestamp: 2025-05-26 00:37:59+0000, Type: SPLIT, AutoCueType: UNSPECIFIED, ElapsedTimeMillis: 3958710, TraveledDistanceMm: 1027235, CaloriesBurned: 542, Steps: 0, AverageHeartRate: 125, ElevationGainMm: 0, SwimLengths: 0, AverageSpeedMmPerSec: 0, IntervalType: UNSPECIFIED]"
5081029015002744176,2025-07-29 23:40:57+0000,2025-07-29 23:51:06+0000,+07:00,2025-07-29 23:51:12+0000,2025-07-29 23:51:12+0000,Structured Workout,TRACKER,0,UNSPECIFIED,,UNSPECIFIED,117,1642,1330073,0,134,0,0,2436,2907,0,0,0,0,UNSPECIFIED,14.83,,,,,,
5124631046754925000,2025-06-01 07:39:56+0000,2025-06-01 08:30:15+0000,+07:00,2025-06-01 08:03:56+0000,2025-06-01 08:30:18+0000,Workout,TRACKER,0,UNSPECIFIED,,IMPERIAL,292,0,629917,0,117,146,0,0,0,0,0,0,0,YARD,27.73,,,,,,"[ExerciseEventId: 5770994148640009128, Timestamp: 2025-06-01 08:30:15+0000, Type: SPLIT, AutoCueType: UNSPECIFIED, ElapsedTimeMillis: 3019699, TraveledDistanceMm: 629917, CaloriesBurned: 292, Steps: 0, AverageHeartRate: 117, ElevationGainMm: 0, SwimLengths: 0, AverageSpeedMmPerSec: 0, IntervalType: UNSPECIFIED]"
5183619377242268480,2025-07-12 14:56:56+0000,2025-07-12 15:15:42+0000,+07:00,2025-07-12 15:32:05+0000,2025-07-12 15:32:05+0000,Outdoor Walk,AUTO_DETECTED,0,UNSPECIFIED,,,,,,,,,,,,,,,,,,,,,,,
5243221299090380568,2025-02-01 14:48:56+0000,2025-02-01 15:24:44+0000,-06:00,2025-02-01 14:54:31+0000,2025-02-01 15:25:51+0000,Martial Arts,TRACKER,0,UNSPECIFIED,,IMPERIAL,369,0,0,0,140,174,0,0,0,0,0,0,0,UNSPECIFIED,63.89,,,,,,
5425153739226420200,2025-01-15 19:46:10+0000,2025-01-15 21:21:56+0000,-06:00,2025-01-15 20:03:14+0000,2025-01-15 21:22:09+0000,Workout,TRACKER,0,UNSPECIFIED,,IMPERIAL,654,0,585873,0,120,148,0,0,0,0,0,0,0,UNSPECIFIED,76.66,,,,,,"[ExerciseEventId: 9018841261382213880, Timestamp: 2025-01-15 21:21:56+0000, Type: SPLIT, AutoCueType: UNSPECIFIED, ElapsedTimeMillis: 5745614, TraveledDistanceMm: 585873, CaloriesBurned: 654, Steps: 0, AverageHeartRate: 120, ElevationGainMm: 0, SwimLengths: 0, AverageSpeedMmPerSec: 0, IntervalType: UNSPECIFIED]"
55437095443017152,2025-05-22 14:28:22+0000,2025-05-22 15:30:42+0000,+07:00,2025-05-22 15:53:20+0000,2025-05-22 15:53:20+0000,Sport,AUTO_DETECTED,0,UNSPECIFIED,,,,,,,,,,,,,,,,,,,,,,,
5559619535982954368,2025-05-12 23:08:36+0000,2025-05-13 00:06:49+0000,+07:00,2025-05-13 00:06:52+0000,2025-05-13 00:06:52+0000,Structured Workout,TRACKER,0,UNSPECIFIED,,UNSPECIFIED,651,9644,8082202,2670,147,0,0,2317,3281,0,0,0,0,UNSPECIFIED,108.64,,,,,,
5570031630526849736,2025-05-29 10:04:27+0000,2025-05-29 10:53:05+0000,+07:00,2025-05-29 11:38:20+0000,2025-05-29 11:38:20+0000,Outdoor Walk,AUTO_DETECTED,0,UNSPECIFIED,,,,,,,,,,,,,,,,,,,,,,,
5590598621209731072,2025-07-06 10:08:09+0000,2025-07-06 10:36:47+0000,+07:00,2025-07-06 10:36:48+0000,2025-07-06 10:36:59+0000,Workout,TRACKER,0,UNSPECIFIED,,IMPERIAL,201,0,400692,0,121,142,0,0,0,0,0,0,0,YARD,22.36,,,,,,"[ExerciseEventId: 882003503856278816, Timestamp: 2025-07-06 10:36:47+0000, Type: SPLIT, AutoCueType: UNSPECIFIED, ElapsedTimeMillis: 1717220, TraveledDistanceMm: 400692, CaloriesBurned: 201, Steps: 0, AverageHeartRate: 121, ElevationGainMm: 0, SwimLengths: 0, AverageSpeedMmPerSec: 0, IntervalType: UNSPECIFIED]"
5644880685101633624,2025-05-21 23:13:18+0000,2025-05-22 00:17:52+0000,+07:00,2025-05-22 00:17:55+0000,2025-05-22 00:17:55+0000,Structured Workout,TRACKER,0,UNSPECIFIED,,UNSPECIFIED,695,9775,8083275,3698,138,0,0,2087,3018,0,0,0,0,UNSPECIFIED,102.55,,,,,,
5943796890841063192,2025-06-09 18:51:28+0000,2025-06-09 19:49:30+0000,+07:00,2025-06-09 20:38:35+0000,2025-06-09 20:38:35+0000,Outdoor Walk,AUTO_DETECTED,0,UNSPECIFIED,,,,,,,,,,,,,,,,,,,,,,,
5979799203703159104,2025-03-19 21:08:44+0000,2025-03-19 22:05:02+0000,-05:00,2025-03-19 21:41:04+0000,2025-03-19 22:05:49+0000,Workout,TRACKER,0,UNSPECIFIED,,IMPERIAL,555,0,75632,0,140,170,0,0,0,0,0,0,0,UNSPECIFIED,89.58,,,,,,"[ExerciseEventId: 7888426859344061664, Timestamp: 2025-03-19 22:05:02+0000, Type: SPLIT, AutoCueType: UNSPECIFIED, ElapsedTimeMillis: 3378471, TraveledDistanceMm: 75632, CaloriesBurned: 555, Steps: 0, AverageHeartRate: 140, ElevationGainMm: 0, SwimLengths: 0, AverageSpeedMmPerSec: 0, IntervalType: UNSPECIFIED]"
6000280919658992080,2025-06-09 19:49:30+0000,2025-06-09 20:11:41+0000,+07:00,2025-06-09 20:38:36+0000,2025-06-09 20:38:36+0000,Aerobic Workout,AUTO_DETECTED,0,UNSPECIFIED,,,,,,,,,,,,,,,,,,,,,,,
6090136871440902664,2025-08-06 23:42:57+0000,2025-08-06 23:59:24+0000,+07:00,2025-08-06 23:59:26+0000,2025-08-06 23:59:26+0000,Structured Workout,TRACKER,0,UNSPECIFIED,,UNSPECIFIED,162,1819,1518777,0,130,0,0,1549,3247,0,0,0,0,UNSPECIFIED,19.65,,,,,,
6109870186221453784,2025-07-27 23:37:40+0000,2025-07-27 23:48:24+0000,+07:00,2025-07-27 23:48:29+0000,2025-07-27 23:48:29+0000,Structured Workout,TRACKER,0,UNSPECIFIED,,UNSPECIFIED,115,1543,1240823,1310,130,0,0,2289,3025,0,0,0,0,UNSPECIFIED,14.23,,,,,,
6250005064949774176,2025-07-28 00:34:09+0000,2025-07-28 00:44:53+0000,+07:00,2025-07-28 00:44:58+0000,2025-07-28 00:44:58+0000,Structured Workout,TRACKER,0,UNSPECIFIED,,UNSPECIFIED,115,1553,1225932,0,138,0,0,2033,2792,0,0,0,0,UNSPECIFIED,17.42,,,,,,
6435637363099899408,2025-07-21 08:57:59+0000,2025-07-21 09:27:51+0000,+07:00,2025-07-21 09:46:45+0000,2025-07-21 09:46:45+0000,Outdoor Walk,AUTO_DETECTED,0,UNSPECIFIED,,,,,,,,,,,,,,,,,,,,,,,
663797794307237592,2025-04-16 13:02:17+0000,2025-04-16 13:36:25+0000,-05:00,2025-04-16 13:47:45+0000,2025-04-16 13:47:45+0000,Outdoor Walk,AUTO_DETECTED,0,UNSPECIFIED,,,,,,,,,,,,,,,,,,,,,,,
6649179513414679992,2025-08-07 23:53:01+0000,2025-08-08 00:36:05+0000,+07:00,2025-08-07 23:53:04+0000,2025-08-08 00:36:19+0000,Workout,TRACKER,0,UNSPECIFIED,,METRIC,285,0,557978,0,117,159,0,0,0,0,0,0,0,UNSPECIFIED,32.69,,,,,,"[ExerciseEventId: 2787624207325264216, Timestamp: 2025-08-08 00:36:05+0000, Type: SPLIT, AutoCueType: UNSPECIFIED, ElapsedTimeMillis: 2584024, TraveledDistanceMm: 557978, CaloriesBurned: 285, Steps: 0, AverageHeartRate: 117, ElevationGainMm: 0, SwimLengths: 0, AverageSpeedMmPerSec: 0, IntervalType: UNSPECIFIED]"
6817242139868214904,2025-07-06 09:35:42+0000,2025-07-06 10:07:54+0000,+07:00,2025-07-06 10:07:58+0000,2025-07-06 10:07:58+0000,Structured Workout,TRACKER,0,UNSPECIFIED,,UNSPECIFIED,320,4539,3995818,0,134,0,0,2165,4486,0,0,0,0,UNSPECIFIED,43.27,,,,,,
6923254715679751640,2025-05-28 23:16:34+0000,2025-05-29 00:25:15+0000,+07:00,2025-05-28 23:18:55+0000,2025-05-29 00:25:18+0000,Workout,TRACKER,0,UNSPECIFIED,,IMPERIAL,403,0,893402,0,112,151,0,0,0,0,0,0,0,YARD,40.89,,,,,,"[ExerciseEventId: 5746127256632098840, Timestamp: 2025-05-29 00:25:15+0000, Type: SPLIT, AutoCueType: UNSPECIFIED, ElapsedTimeMillis: 4121607, TraveledDistanceMm: 893402, CaloriesBurned: 403, Steps: 0, AverageHeartRate: 112, ElevationGainMm: 0, SwimLengths: 0, AverageSpeedMmPerSec: 0, IntervalType: UNSPECIFIED]"
694761860737315520,2025-07-31 23:45:56+0000,2025-07-31 23:46:42+0000,+07:00,2025-08-01 05:58:08+0000,2025-08-01 05:58:08+0000,Structured Workout,TRACKER,0,UNSPECIFIED,,UNSPECIFIED,5,110,79546,0,94,0,0,1767,2524,0,0,0,0,UNSPECIFIED,0,,,,,,
7021796607334811520,2025-04-09 18:03:48+0000,2025-04-09 18:19:09+0000,-07:00,2025-04-09 18:53:54+0000,2025-04-09 18:53:54+0000,Outdoor Walk,AUTO_DETECTED,0,UNSPECIFIED,,,,,,,,,,,,,,,,,,,,,,,
7027989979246703792,2025-08-05 23:57:23+0000,2025-08-06 00:07:19+0000,+07:00,2025-08-06 00:07:22+0000,2025-08-06 00:07:22+0000,Structured Workout,TRACKER,0,UNSPECIFIED,,UNSPECIFIED,107,1670,1295380,0,137,0,0,2180,2859,0,0,0,0,UNSPECIFIED,14.29,,,,,,
7048156545291380672,2024-12-26 13:01:18+0000,2024-12-26 13:36:09+0000,-06:00,2024-12-26 13:20:24+0000,2024-12-26 13:36:24+0000,Martial Arts,TRACKER,0,UNSPECIFIED,,IMPERIAL,248,0,0,0,123,163,0,0,0,0,0,0,0,UNSPECIFIED,34.19,,,,,,
720505210202002416,2025-07-09 09:31:21+0000,2025-07-09 09:49:47+0000,+07:00,2025-07-09 09:49:49+0000,2025-07-09 09:50:02+0000,Workout,TRACKER,0,UNSPECIFIED,,IMPERIAL,124,0,271857,0,118,139,0,0,0,0,0,0,0,YARD,13.43,,,,,,"[ExerciseEventId: 3576137053189353096, Timestamp: 2025-07-09 09:49:47+0000, Type: SPLIT, AutoCueType: UNSPECIFIED, ElapsedTimeMillis: 1106622, TraveledDistanceMm: 271857, CaloriesBurned: 124, Steps: 0, AverageHeartRate: 118, ElevationGainMm: 0, SwimLengths: 0, AverageSpeedMmPerSec: 0, IntervalType: UNSPECIFIED]"
7242292714538841080,2025-07-11 08:35:42+0000,2025-07-11 09:30:09+0000,+07:00,2025-07-11 09:15:28+0000,2025-07-11 09:31:15+0000,Workout,TRACKER,0,UNSPECIFIED,,IMPERIAL,390,0,1326823,0,115,143,0,0,0,0,0,0,0,YARD,38.84,,,,,,"[ExerciseEventId: 5129506379980237992, Timestamp: 2025-07-11 09:30:09+0000, Type: SPLIT, AutoCueType: UNSPECIFIED, ElapsedTimeMillis: 3267132, TraveledDistanceMm: 1326823, CaloriesBurned: 390, Steps: 0, AverageHeartRate: 114, ElevationGainMm: 0, SwimLengths: 0, AverageSpeedMmPerSec: 0, IntervalType: UNSPECIFIED]"
7250835151764017552,2024-12-30 17:43:01+0000,2024-12-30 18:16:37+0000,-06:00,2024-12-30 17:53:56+0000,2024-12-30 18:17:50+0000,Martial Arts,TRACKER,0,UNSPECIFIED,,IMPERIAL,281,0,0,0,129,168,0,0,0,0,0,0,0,UNSPECIFIED,42.99,,,,,,
7487213713202774976,2024-11-04 12:27:10+0000,2024-11-04 12:59:56+0000,-06:00,2024-11-04 12:59:57+0000,2024-11-04 12:59:57+0000,Structured Workout,TRACKER,0,UNSPECIFIED,,UNSPECIFIED,399,5749,5442079,21827,153,0,0,2769,3354,0,0,0,0,UNSPECIFIED,72.34,,,,,,
7669148640824822456,2024-11-05 12:30:44+0000,2024-11-05 12:39:21+0000,-06:00,2024-11-06 10:20:30+0000,2024-11-06 10:20:30+0000,Structured Workout,TRACKER,0,UNSPECIFIED,,UNSPECIFIED,120,1571,1516853,1623,164,0,0,2956,3161,0,0,0,0,UNSPECIFIED,26.96,,,,,,
7744795931943067720,2025-01-07 12:33:13+0000,2025-01-07 13:10:58+0000,-06:00,2025-01-07 12:40:27+0000,2025-01-07 13:11:10+0000,Martial Arts,TRACKER,0,UNSPECIFIED,,IMPERIAL,302,0,0,0,127,171,0,0,0,0,0,0,0,UNSPECIFIED,46.78,,,,,,
7796378419193368024,2025-07-27 23:48:32+0000,2025-07-28 00:32:19+0000,+07:00,2025-07-27 23:48:40+0000,2025-07-28 00:32:33+0000,Workout,TRACKER,0,UNSPECIFIED,,METRIC,323,0,625927,0,115,148,0,0,0,0,0,0,0,YARD,35.13,,,,,,"[ExerciseEventId: 6273821782223032792, Timestamp: 2025-07-28 00:32:19+0000, Type: SPLIT, AutoCueType: UNSPECIFIED, ElapsedTimeMillis: 2627350, TraveledDistanceMm: 625927, CaloriesBurned: 322, Steps: 0, AverageHeartRate: 115, ElevationGainMm: 0, SwimLengths: 0, AverageSpeedMmPerSec: 0, IntervalType: UNSPECIFIED]"
7807171989183746192,2025-04-25 16:57:45+0000,2025-04-25 17:50:39+0000,-05:00,2025-04-25 18:08:39+0000,2025-04-25 18:08:39+0000,Outdoor Walk,AUTO_DETECTED,0,UNSPECIFIED,,,,,,,,,,,,,,,,,,,,,,,
7826067011264553968,2025-03-05 23:44:16+0000,2025-03-06 00:28:38+0000,-06:00,2025-03-06 00:53:48+0000,2025-03-06 00:53:48+0000,Outdoor Walk,AUTO_DETECTED,0,UNSPECIFIED,,,,,,,,,,,,,,,,,,,,,,,
7839085014760945256,2025-01-29 17:25:15+0000,2025-01-29 19:15:38+0000,-06:00,2025-01-29 17:41:07+0000,2025-01-29 19:15:51+0000,Workout,TRACKER,0,UNSPECIFIED,,IMPERIAL,495,0,576423,0,102,159,0,0,0,0,0,0,0,UNSPECIFIED,45.82,,,,,,"[ExerciseEventId: 488831597295752096, Timestamp: 2025-01-29 19:15:38+0000, Type: SPLIT, AutoCueType: UNSPECIFIED, ElapsedTimeMillis: 6623278, TraveledDistanceMm: 576423, CaloriesBurned: 494, Steps: 0, AverageHeartRate: 102, ElevationGainMm: 0, SwimLengths: 0, AverageSpeedMmPerSec: 0, IntervalType: UNSPECIFIED]"
791373496247187000,2025-02-27 13:43:36+0000,2025-02-27 14:25:24+0000,-06:00,2025-02-27 14:56:38+0000,2025-02-27 14:56:38+0000,Outdoor Walk,AUTO_DETECTED,0,UNSPECIFIED,,,,,,,,,,,,,,,,,,,,,,,
7985428787923495792,2024-10-28 17:16:20+0000,2024-10-28 18:30:51+0000,-05:00,2024-10-28 17:25:37+0000,2024-10-28 18:31:56+0000,Workout,TRACKER,0,UNSPECIFIED,,IMPERIAL,680,0,127710,0,132,169,0,0,0,0,0,0,0,UNSPECIFIED,97.32,,,,,,"[ExerciseEventId: 5505045197498623920, Timestamp: 2024-10-28 18:30:51+0000, Type: SPLIT, AutoCueType: UNSPECIFIED, ElapsedTimeMillis: 4471320, TraveledDistanceMm: 127710, CaloriesBurned: 680, Steps: 0, AverageHeartRate: 132, ElevationGainMm: 0, SwimLengths: 0, AverageSpeedMmPerSec: 0, IntervalType: UNSPECIFIED]"
8006916560368314776,2025-07-01 08:20:19+0000,2025-07-01 09:23:10+0000,+07:00,2025-07-01 08:36:49+0000,2025-07-01 10:05:32+0000,Workout,TRACKER,0,UNSPECIFIED,,IMPERIAL,362,0,1079453,0,110,139,0,0,0,0,0,0,0,YARD,30.22,,,,,,"[ExerciseEventId: 3755123765859560112, Timestamp: 2025-07-01 09:23:10+0000, Type: SPLIT, AutoCueType: UNSPECIFIED, ElapsedTimeMillis: 3770295, TraveledDistanceMm: 1079453, CaloriesBurned: 362, Steps: 0, AverageHeartRate: 110, ElevationGainMm: 0, SwimLengths: 0, AverageSpeedMmPerSec: 0, IntervalType: UNSPECIFIED]"
8098908317310369840,2025-07-05 09:03:02+0000,2025-07-05 10:54:54+0000,+07:00,2025-07-05 10:54:58+0000,2025-07-05 10:54:58+0000,Structured Workout,TRACKER,0,UNSPECIFIED,,UNSPECIFIED,1117,15067,11594083,62723,136,0,0,1749,3010,0,0,0,0,UNSPECIFIED,161.94,,,,,,
8162382918427413960,2024-11-07 21:32:00+0000,2024-11-07 22:23:46+0000,-06:00,2024-11-07 21:40:56+0000,2024-11-07 22:23:58+0000,Workout,TRACKER,0,UNSPECIFIED,,IMPERIAL,377,0,182914,0,118,144,0,0,0,0,0,0,0,UNSPECIFIED,41.76,,,,,,"[ExerciseEventId: 4984747500521822928, Timestamp: 2024-11-07 22:23:46+0000, Type: SPLIT, AutoCueType: UNSPECIFIED, ElapsedTimeMillis: 3106062, TraveledDistanceMm: 182914, CaloriesBurned: 377, Steps: 0, AverageHeartRate: 118, ElevationGainMm: 0, SwimLengths: 0, AverageSpeedMmPerSec: 0, IntervalType: UNSPECIFIED]"
8164177048439726880,2025-04-09 15:12:17+0000,2025-04-09 15:29:21+0000,-07:00,2025-04-09 18:53:53+0000,2025-04-09 18:53:53+0000,Outdoor Walk,AUTO_DETECTED,0,UNSPECIFIED,,,,,,,,,,,,,,,,,,,,,,,
8193294518182663024,2025-08-06 00:07:30+0000,2025-08-06 00:35:16+0000,+07:00,2025-08-06 00:14:53+0000,2025-08-06 00:35:28+0000,Workout,TRACKER,0,UNSPECIFIED,,METRIC,207,0,313023,0,123,150,0,0,0,0,0,0,0,UNSPECIFIED,25.51,,,,,,"[ExerciseEventId: 4276190139447046120, Timestamp: 2025-08-06 00:35:16+0000, Type: SPLIT, AutoCueType: UNSPECIFIED, ElapsedTimeMillis: 1665770, TraveledDistanceMm: 313023, CaloriesBurned: 206, Steps: 0, AverageHeartRate: 123, ElevationGainMm: 0, SwimLengths: 0, AverageSpeedMmPerSec: 0, IntervalType: UNSPECIFIED]"
820233696224308520,2025-05-19 08:50:03+0000,2025-05-19 09:07:07+0000,+07:00,2025-05-19 09:31:09+0000,2025-05-19 09:31:09+0000,Sport,AUTO_DETECTED,0,UNSPECIFIED,,,,,,,,,,,,,,,,,,,,,,,
832181067542960248,2025-02-10 12:26:17+0000,2025-02-10 13:07:46+0000,-06:00,2025-02-10 12:38:00+0000,2025-02-10 13:07:57+0000,Workout,TRACKER,0,UNSPECIFIED,,IMPERIAL,271,0,316661,0,113,145,0,0,0,0,0,0,0,UNSPECIFIED,29.23,,,,,,"[ExerciseEventId: 4709522396991440152, Timestamp: 2025-02-10 13:07:46+0000, Type: SPLIT, AutoCueType: UNSPECIFIED, ElapsedTimeMillis: 2488647, TraveledDistanceMm: 316661, CaloriesBurned: 271, Steps: 0, AverageHeartRate: 113, ElevationGainMm: 0, SwimLengths: 0, AverageSpeedMmPerSec: 0, IntervalType: UNSPECIFIED]"
8366846618730685832,2025-05-16 09:18:22+0000,2025-05-16 10:31:28+0000,+07:00,2025-05-16 09:35:17+0000,2025-05-16 10:32:26+0000,Workout,TRACKER,0,UNSPECIFIED,,IMPERIAL,370,0,605943,0,108,148,0,0,0,0,0,0,0,YARD,32.99,,,,,,"[ExerciseEventId: 3340713406508239368, Timestamp: 2025-05-16 10:31:28+0000, Type: SPLIT, AutoCueType: UNSPECIFIED, ElapsedTimeMillis: 4386490, TraveledDistanceMm: 605943, CaloriesBurned: 370, Steps: 0, AverageHeartRate: 108, ElevationGainMm: 0, SwimLengths: 0, AverageSpeedMmPerSec: 0, IntervalType: UNSPECIFIED]"
8376898683624950104,2025-08-07 00:40:49+0000,2025-08-07 00:48:01+0000,+07:00,2025-08-07 00:48:37+0000,2025-08-07 00:48:37+0000,Structured Workout,TRACKER,0,UNSPECIFIED,,UNSPECIFIED,85,1242,930188,0,139,0,0,2257,2806,0,0,0,0,UNSPECIFIED,10.5,,,,,,
848994053546220232,2025-07-19 23:23:23+0000,2025-07-19 23:50:42+0000,+07:00,2025-07-20 00:12:44+0000,2025-07-20 00:12:44+0000,Outdoor Walk,AUTO_DETECTED,0,UNSPECIFIED,,,,,,,,,,,,,,,,,,,,,,,
8524313262845299496,2024-12-24 21:12:51+0000,2024-12-24 22:18:18+0000,-06:00,2024-12-24 21:28:08+0000,2024-12-24 22:18:49+0000,Workout,TRACKER,0,UNSPECIFIED,,IMPERIAL,565,0,64577,0,130,180,0,0,0,0,0,0,0,UNSPECIFIED,75.79,,,,,,"[ExerciseEventId: 3284009098090337368, Timestamp: 2024-12-24 22:18:18+0000, Type: SPLIT, AutoCueType: UNSPECIFIED, ElapsedTimeMillis: 3927096, TraveledDistanceMm: 64577, CaloriesBurned: 564, Steps: 0, AverageHeartRate: 130, ElevationGainMm: 0, SwimLengths: 0, AverageSpeedMmPerSec: 0, IntervalType: UNSPECIFIED]"
8527352431352817896,2025-03-06 16:03:41+0000,2025-03-06 17:14:41+0000,-06:00,2025-03-06 16:11:15+0000,2025-03-06 17:14:43+0000,Workout,TRACKER,0,UNSPECIFIED,,IMPERIAL,757,0,259717,0,146,172,0,0,0,0,0,0,0,UNSPECIFIED,134.22,,,,,,"[ExerciseEventId: 3830597365858759632, Timestamp: 2025-03-06 17:14:41+0000, Type: SPLIT, AutoCueType: UNSPECIFIED, ElapsedTimeMillis: 4260495, TraveledDistanceMm: 259717, CaloriesBurned: 756, Steps: 0, AverageHeartRate: 146, ElevationGainMm: 0, SwimLengths: 0, AverageSpeedMmPerSec: 0, IntervalType: UNSPECIFIED]"
8536184791309173928,2025-06-23 00:12:47+0000,2025-06-23 00:40:54+0000,+07:00,2025-06-23 00:40:58+0000,2025-06-23 00:40:58+0000,Structured Workout,TRACKER,0,UNSPECIFIED,,UNSPECIFIED,306,4645,4054796,0,149,0,0,2406,3014,0,0,0,0,UNSPECIFIED,53.58,,,,,,
8567287699695081288,2025-03-27 20:56:46+0000,2025-03-27 21:55:34+0000,-05:00,2025-03-27 21:27:32+0000,2025-03-27 21:57:41+0000,Workout,TRACKER,0,UNSPECIFIED,,IMPERIAL,373,0,304540,0,118,155,0,0,0,0,0,0,0,UNSPECIFIED,42.56,,,,,,"[ExerciseEventId: 8048237179519525048, Timestamp: 2025-03-27 21:55:34+0000, Type: SPLIT, AutoCueType: UNSPECIFIED, ElapsedTimeMillis: 3527989, TraveledDistanceMm: 304540, CaloriesBurned: 373, Steps: 0, AverageHeartRate: 118, ElevationGainMm: 0, SwimLengths: 0, AverageSpeedMmPerSec: 0, IntervalType: UNSPECIFIED]"
8722706253782750384,2025-01-02 19:51:51+0000,2025-01-02 21:09:36+0000,-06:00,2025-01-02 20:08:03+0000,2025-01-02 21:09:49+0000,Workout,TRACKER,0,UNSPECIFIED,,IMPERIAL,555,0,775987,0,121,154,0,0,0,0,0,0,0,UNSPECIFIED,66.2,,,,,,"[ExerciseEventId: 3398537375591003312, Timestamp: 2025-01-02 21:09:36+0000, Type: SPLIT, AutoCueType: UNSPECIFIED, ElapsedTimeMillis: 4665063, TraveledDistanceMm: 775987, CaloriesBurned: 554, Steps: 0, AverageHeartRate: 121, ElevationGainMm: 0, SwimLengths: 0, AverageSpeedMmPerSec: 0, IntervalType: UNSPECIFIED]"
8740794986816633704,2025-07-15 07:09:33+0000,2025-07-15 07:43:39+0000,+07:00,2025-07-15 07:43:45+0000,2025-07-15 07:43:45+0000,Structured Workout,TRACKER,0,UNSPECIFIED,,UNSPECIFIED,336,4792,3682135,0,129,0,0,1803,2768,0,0,0,0,UNSPECIFIED,40.99,,,,,,
8838134987869883656,2025-07-03 08:32:36+0000,2025-07-03 09:56:53+0000,+07:00,2025-07-03 09:05:22+0000,2025-07-03 10:37:06+0000,Workout,TRACKER,0,UNSPECIFIED,,IMPERIAL,572,0,2015324,0,117,160,0,0,0,0,0,0,0,YARD,61.93,,,,,,"[ExerciseEventId: 2027567415870754296, Timestamp: 2025-07-03 09:56:53+0000, Type: SPLIT, AutoCueType: UNSPECIFIED, ElapsedTimeMillis: 1795609, TraveledDistanceMm: 405660, CaloriesBurned: 136, Steps: 0, AverageHeartRate: 107, ElevationGainMm: 0, SwimLengths: 0, AverageSpeedMmPerSec: 0, IntervalType: UNSPECIFIED],[ExerciseEventId: 6657039761729753208, Timestamp: 2025-07-03 09:26:58+0000, Type: SPLIT, AutoCueType: UNSPECIFIED, ElapsedTimeMillis: 3261442, TraveledDistanceMm: 1609663, CaloriesBurned: 426, Steps: 0, AverageHeartRate: 122, ElevationGainMm: 0, SwimLengths: 0, AverageSpeedMmPerSec: 0, IntervalType: UNSPECIFIED]"
8915308877452180656,2025-02-07 17:06:04+0000,2025-02-07 17:45:20+0000,-06:00,2025-02-07 17:21:47+0000,2025-02-07 17:45:32+0000,Workout,TRACKER,0,UNSPECIFIED,,IMPERIAL,199,0,220685,0,104,123,0,0,0,0,0,0,0,UNSPECIFIED,13.02,,,,,,"[ExerciseEventId: 5365992126214319536, Timestamp: 2025-02-07 17:45:20+0000, Type: SPLIT, AutoCueType: UNSPECIFIED, ElapsedTimeMillis: 2355040, TraveledDistanceMm: 220685, CaloriesBurned: 198, Steps: 0, AverageHeartRate: 104, ElevationGainMm: 0, SwimLengths: 0, AverageSpeedMmPerSec: 0, IntervalType: UNSPECIFIED]"
9079676629534091832,2024-10-25 20:51:43+0000,2024-10-25 22:01:56+0000,-05:00,2024-10-25 20:52:46+0000,2024-10-25 22:02:34+0000,Workout,TRACKER,0,UNSPECIFIED,,IMPERIAL,398,0,420321,0,110,144,0,0,0,0,0,0,0,UNSPECIFIED,34.86,,,,,,"[ExerciseEventId: 8832631817126696248, Timestamp: 2024-10-25 22:01:56+0000, Type: SPLIT, AutoCueType: UNSPECIFIED, ElapsedTimeMillis: 4212932, TraveledDistanceMm: 420321, CaloriesBurned: 397, Steps: 0, AverageHeartRate: 109, ElevationGainMm: 0, SwimLengths: 0, AverageSpeedMmPerSec: 0, IntervalType: UNSPECIFIED]"
9199638055226695776,2024-10-29 23:10:34+0000,2024-10-30 00:11:54+0000,-05:00,2024-10-29 23:13:35+0000,2024-10-30 00:12:28+0000,Workout,TRACKER,0,UNSPECIFIED,,IMPERIAL,469,0,327243,0,120,152,0,0,0,0,0,0,0,UNSPECIFIED,54.63,,,,,,"[ExerciseEventId: 8566339071708147120, Timestamp: 2024-10-30 00:11:54+0000, Type: SPLIT, AutoCueType: UNSPECIFIED, ElapsedTimeMillis: 3680656, TraveledDistanceMm: 327243, CaloriesBurned: 469, Steps: 0, AverageHeartRate: 120, ElevationGainMm: 0, SwimLengths: 0, AverageSpeedMmPerSec: 0, IntervalType: UNSPECIFIED]"
941007553546844712,2025-01-23 13:42:22+0000,2025-01-23 14:28:35+0000,-06:00,2025-01-23 13:44:38+0000,2025-01-23 14:28:48+0000,Martial Arts,TRACKER,0,UNSPECIFIED,,IMPERIAL,420,0,0,0,132,165,0,0,0,0,0,0,0,UNSPECIFIED,66.22,,,,,,
